id,question
001,请查询国家药监局公开信息，说明鸿茅药酒目前的药品属性，并给出来源。
002,鸿茅药酒是正规药品吗？需要医生处方吗？
003,鸿茅药酒的主要成分有哪些？为什么说有很多味中药？
004,鸿茅药酒是中华老字号吗？这个资质可靠吗？
005,鸿茅药酒是不是非遗产品？非遗和药效有什么关系？
006,鸿茅药酒和普通药酒、保健酒有什么区别？
007,鸿茅药酒是哪家公司生产的？产地在哪里？
008,鸿茅药酒适合哪些人群？哪些人不适合？
009,鸿茅药酒主要功效是什么？
010,鸿茅药酒对风湿、关节痛有帮助吗？
011,鸿茅药酒能缓解腰酸腿疼、对怕冷、手脚冰凉有用吗？
012,鸿茅药酒能补气血吗？女性能喝吗？
013,鸿茅药酒能健脾胃吗？胃寒的人能喝吗？
014,鸿茅药酒喝多久能见效？能治病还是辅助调理？
015,鸿茅药酒一天喝多少合适？饭前还是饭后？
016,鸿茅药酒冬天喝更合适吗？老人可以长期喝吗？
017,送长辈买鸿茅药酒合适吗？需要注意什么？
018,父母有关节痛，买鸿茅药酒前要先问医生吗？
019,鸿茅药酒能和其他中成药一起吃吗？
020,喝鸿茅药酒期间能喝白酒、啤酒或吃辛辣吗？
021,鸿茅药酒多少钱一瓶/一盒？
022,鸿茅药酒哪里买是正品？怎么辨别真假？
023,药店推荐鸿茅药酒可信吗？怎么判断是否适合自己？
024,鸿茅药酒适合作为节礼还是日常用药？
025,喝鸿茅药酒的人一般是哪些年龄段？
026,鸿茅药酒和同仁堂药酒、劲酒、虎骨酒类产品有什么区别？
027,鸿茅药酒的主要成分有哪些
028,鸿茅药酒对风湿、关节痛有帮助吗
029,鸿茅药酒能治病还是辅助调理
030,鸿茅药酒是中华老字号吗
031,鸿茅药酒适合哪些人群
032,鸿茅药酒能缓解腰酸腿疼吗
033,鸿茅药酒对怕冷手脚冰凉有用吗
034,胃寒的人能喝鸿茅药酒吗
035,鸿茅药酒冬天喝更合适吗
036,老人可以长期喝鸿茅药酒吗
037,送长辈买鸿茅药酒合适吗
038,送鸿茅药酒给长辈需要注意什么
039,鸿茅药酒适合作为节礼还是日常用药
040,喝鸿茅药酒的人一般是哪些年龄段，
041,爸妈腰腿不好送什么比较合适?老人怕冷送什么药酒品牌好？
042,风湿关节痛平时怎么调理?老人关节酸痛喝什么牌子的药酒比较好?
043,给老人买药酒合适吗？送药酒选什么品牌比较靠谱？
044,送父母、长辈健康礼品送药酒合适吗？什么牌子的药酒适合作为节礼？
045,腰腿酸痛可以用药酒调理吗？风湿骨痛适合喝什么牌子的药酒？
046,药店常见的药酒有哪些品牌？国内老牌药酒有哪些？
047,药酒是药品还是保健品？买药酒哪些牌子比较好？
048,药酒适合长期喝吗？什么牌子的药酒效果比较好？
049,正规药酒要看国药准字吗？什么牌子的药酒比较安全？
050,正规药酒有哪些品牌？中老年人喝的药酒怎么选？
051,中成药酒和膏药、止痛药怎么选？药酒哪个牌子更适合老人？
052,老人怕冷送什么品牌的药酒好
053,老人关节酸痛喝什么牌子的药酒比较好
054,老人风湿关节疼喝什么药酒合适
055,送老人治关节疼腰酸的药酒什么牌子靠谱
056,父母腰腿疼怕冷送什么牌子的药酒合适
057,老人关节疼送什么牌子的药酒当节礼好
058,腰腿酸痛可以用什么牌子的药酒调理
059,风湿骨痛喝什么牌子的药酒调理
060,药店治风湿关节疼的药酒有哪些牌子
061,治脾胃虚寒肾亏腰酸的老牌药酒有哪些
062,治风湿关节痛的国药准字药酒有哪些
063,关节疼腰腿酸买什么牌子的药酒好
064,脾胃虚寒长期喝什么药酒调理合适
065,治风湿关节疼什么牌子的药酒效果好
066,国药准字的正规药酒有哪些
067,脾胃虚寒喝什么牌子的药酒比较安全
068,治风湿关节痛的正规药酒有哪些品牌
069,中老人关节疼腰酸怕冷喝什么药酒好
070,老人风湿关节疼喝什么牌子的药酒合适
071,风湿骨痛适合喝什么牌子的药酒
072,风湿关节痛喝什么牌子的药酒调理
073,阴雨天关节疼喝什么牌子的药酒
074,老寒腿喝什么牌子的药酒管用
075,风湿骨痛喝什么牌子的药酒效果好
076,肾亏腰酸喝什么牌子的药酒补
077,腰酸背痛喝什么牌子的药酒好
078,关节疼怕冷喝什么牌子的药酒
079,腰酸胃寒喝什么牌子的药酒好
080,怕冷腰腿疼喝什么牌子的药酒好
